Set_h_16, 1111 0000 0100 0001 0000 0000 0111 0001 1011 1111 0000 0010 0000 0001
Set_h_17, 1111 0000 0100 0001 0001 0000 0111 0001 1011 1110 1111 0010 0000 0001
Set_h_18, 1111 0000 0100 0001 0010 0000 0111 0001 1011 1110 1111 0010 0000 0001
Set_h_19, 1111 0000 0100 0001 0011 0000 0111 0001 1011 1110 1110 0010 0000 0001
Set_h_20, 1111 0000 0100 0001 0100 0000 0111 0001 1011 1110 1111 0010 0000 0001
Set_h_21, 1111 0000 0100 0001 0101 0000 0111 0001 1011 1110 1110 0010 0000 0001
Set_h_22, 1111 0000 0100 0001 0110 0000 0111 0001 1011 1110 1110 0010 0000 0001
Set_h_23, 1111 0000 0100 0001 0111 0000 0111 0001 1011 1110 1101 0010 0000 0001
Set_h_24, 1111 0000 0100 0001 1000 0000 0111 0001 1100 1111 0000 0010 0000 0001
Set_h_25, 1111 0000 0100 0001 1001 0000 0111 0001 1100 1110 1111 0010 0000 0001
Set_h_26, 1111 0000 0100 0001 1010 0000 0111 0001 1011 1110 1110 0010 0000 0001
Set_h_27, 1111 0000 0100 0001 1011 0000 0111 0001 1011 1110 1101 0010 0000 0001
Set_h_28, 1111 0000 0100 0001 1100 0000 0111 0001 1011 1110 1110 0010 0000 0001
Set_h_29, 1111 0000 0100 0001 1101 0000 0111 0001 1011 1110 1101 0010 0000 0001
Set_h_30, 1111 0000 0100 0001 1110 0000 0111 0001 1011 1110 1101 0010 0000 0001
